{"attempts": {"192.168.1.1": {"testuser": [1760762549.665083, 1760762549.665447, 1760762549.665774, 1760762549.666875, 1760762549.6670878, 1760762549.667289, 1760762549.6674821, 1760762549.667679, 1760762549.667876, 1760762549.669, 1760762549.669219, 1760762549.669438, 1760762549.669655, 1760762549.669916, 1760762549.6702259, 1760762549.672096, 1760762549.672522]}}, "lockouts": {}, "saved_at": 1760762549.672524}